Year,Quarter,        Gross domestic product,Personal consumption expenditures,    Goods,        Durable goods,        Nondurable goods,    Services,Gross private domestic investment,    Fixed investment,        Nonresidential,            Structures,            Equipment,            Intellectual property products,        Residential,    Change in private inventories,Net exports of goods and services,    Exports,        Goods,        Services,    Imports,        Goods,        Services,Government consumption expenditures and gross investment,    Federal,        National defense,        Nondefense,    State and local
1947,Q1,243.2,156.2,95.6,20.7,74.9,60.6,35.9,35.4,24.8,7.9,14.9,2,10.5,0.5,10.9,18.4,15.7,2.7,7.5,5.6,1.9,40.3,27,22.8,4.2,13.3
,Q2,246,160,98.2,21.4,76.9,61.8,34.5,35.7,25.2,7.9,15.2,2,10.6,-1.2,11.3,19.5,16.7,2.8,8.2,6.3,1.9,40.1,26.4,21.1,5.3,13.7
,Q3,249.6,163.5,100.4,21.8,78.6,63.1,34.9,37.8,25.4,8.3,15,2,12.5,-2.9,11.8,19.4,16.8,2.6,7.7,5.8,1.8,39.4,25,20,5.1,14.3
,Q4,259.7,167.7,103.5,23.5,80,64.2,43.3,41.8,26.5,8.4,16.1,2,15.3,1.5,9.3,17.6,15.1,2.5,8.3,6.2,2.2,39.5,24.5,20.4,4.1,15
1948,Q1,265.7,170.4,105.1,23.5,81.5,65.3,47.2,43.6,28.2,8.8,17.3,2.1,15.3,3.6,7.3,16.9,14.6,2.3,9.6,7.3,2.3,40.9,25.4,20.7,4.7,15.5
,Q2,272.6,174.1,107.2,24,83.2,67,50.3,44.5,28.1,9.3,16.7,2.1,16.4,5.9,5.2,15.2,13,2.2,10,7.6,2.4,42.9,26.6,20.6,6,16.3
,Q3,279.2,177.1,108.7,25.3,83.5,68.3,52.5,45.4,29.1,9.9,17.1,2.1,16.3,7.2,4.9,15.4,13.1,2.3,10.5,7.7,2.7,44.7,27.5,20.7,6.8,17.2
,Q4,280.4,177.9,108.7,25,83.7,69.3,51.3,45.3,30.2,10.1,18,2.1,15.2,6,4.5,14.6,12.4,2.3,10.1,7.5,2.6,46.6,28.7,21.6,7.2,17.9
1949,Q1,275,176.8,107.2,24.4,82.7,69.7,43.1,42.8,28.6,9.7,16.8,2,14.2,0.4,6.5,16.1,13.7,2.4,9.6,7.2,2.4,48.6,30.2,22.5,7.7,18.4
,Q2,271.4,178.4,108.3,26.4,81.9,70.2,36.2,41.4,27.5,9.4,16.1,2,13.9,-5.1,6.3,15.6,13.2,2.5,9.4,6.9,2.5,50.4,31.2,22.8,8.5,19.1
,Q3,272.9,177.8,107.6,27.3,80.3,70.2,39.5,40.9,26.1,8.9,15.2,2,14.7,-1.3,5.2,14.1,11.9,2.2,8.9,6.6,2.3,50.4,30.5,22.5,7.9,19.9
,Q4,270.6,180.2,109.3,28.4,80.9,70.9,37.5,42.2,25.6,8.7,14.8,2.1,16.5,-4.7,3,12.1,10.1,2,9.1,6.9,2.2,49.9,29.8,21.6,8.2,20.1
1950,Q1,280.8,182.9,110.8,29.3,81.5,72.1,46.7,44.7,26.4,9.1,15.1,2.2,18.3,2,2.2,11.7,9.6,2.1,9.5,7.2,2.3,49,28.5,20.9,7.7,20.4
,Q2,290.4,186.8,112.6,29.8,82.8,74.2,52.3,49.5,28.9,9.5,17.1,2.2,20.6,2.8,1.6,11.9,9.8,2.1,10.2,7.8,2.4,49.6,28.9,21,8,20.7
,Q3,308.2,200.5,124,37.4,86.6,76.5,58.6,54.5,31.9,10.3,19.3,2.3,22.6,4.2,-0.7,12.3,10.2,2.1,13,10.5,2.6,49.7,28.4,22.7,5.7,21.3
,Q4,319.9,197.9,119.9,33.3,86.7,78,68.4,54.4,32.9,11,19.6,2.3,21.5,14,-0.2,13.5,11.3,2.3,13.7,10.9,2.8,53.7,31.8,26.1,5.7,21.9
1951,Q1,336,209.2,127.6,35.6,92,81.6,64.6,54.2,33.1,11.5,19.4,2.3,21.1,10.4,0.2,15,12.5,2.5,14.9,11.8,3.1,62,39.6,33.5,6,22.5
,Q2,344.1,204.9,122.2,30.7,91.4,82.8,67.4,52.6,34.1,12.2,19.7,2.3,18.5,14.8,1.9,17.1,14.3,2.8,15.2,12,3.1,69.8,46.6,40.3,6.3,23.2
,Q3,351.4,207.6,123.4,30.2,93.2,84.3,62,52.2,34.8,12.3,20.2,2.4,17.4,9.7,3.7,18.1,15.1,3,14.3,10.8,3.5,78,54.3,48.1,6.2,23.7
,Q4,356.2,211.6,125.8,30.4,95.5,85.7,57.1,52.4,34.6,11.9,20.2,2.5,17.7,4.7,4.2,18.2,15.1,3.1,14,10.1,3.9,83.3,59.3,52.9,6.4,24
1952,Q1,359.8,213,125.5,30.8,94.8,87.4,58.1,53.4,35.1,12,20.4,2.7,18.3,4.7,3.7,18.7,15.4,3.3,15,10.7,4.3,85,60.9,53.5,7.4,24.1
,Q2,361,217.1,127.6,31,96.6,89.5,53,54.5,35.8,12.1,20.8,2.9,18.8,-1.5,2,16.6,13.4,3.1,14.6,10.6,4,89,64.1,57,7.1,24.9
,Q3,367.7,219.6,127.9,29.5,98.5,91.6,57.2,51.6,32.9,12.2,17.7,3.1,18.8,5.6,0,15.2,12.4,2.8,15.3,10.8,4.5,90.9,66.2,58.7,7.5,24.8
,Q4,380.8,227.7,134.1,33.7,100.3,93.6,60.7,55.5,35.8,12.6,19.9,3.3,19.6,5.3,-1,15.3,12.5,2.8,16.3,11.3,5.1,93.4,68.1,60.5,7.6,25.3
1953,Q1,388,231.2,135.7,35.2,100.5,95.5,61.7,57.8,37.8,13.1,21.2,3.5,20,3.9,-0.7,15.1,12.1,3,15.8,11,4.8,95.8,69.7,61.3,8.4,26.1
,Q2,391.7,233,135.6,35,100.6,97.4,62.1,58.5,38.5,13.5,21.3,3.7,20.1,3.6,-1.3,15.2,12.3,2.9,16.4,11.5,4.9,97.9,72,62,10,26
,Q3,391.2,233.7,134.4,34.6,99.8,99.2,61.4,59.1,39.6,13.7,22.1,3.7,19.5,2.3,-0.6,15.8,12.9,2.9,16.3,11.2,5.2,96.6,70,61,9,26.7
,Q4,386,233.1,133.6,33.7,100,99.5,56.4,58.5,39.2,14,21.4,3.8,19.3,-2,-0.3,15.2,12.3,2.8,15.5,10.2,5.3,96.7,69.5,60.3,9.2,27.2
1954,Q1,385.3,235.2,134.2,32.9,101.3,101,55.7,57.7,38.3,13.9,20.6,3.8,19.4,-2,-0.4,14.4,11.6,2.8,14.8,10,4.8,94.8,66.7,57.3,9.4,28.1
,Q2,386.1,237.9,135,33.6,101.3,102.9,55.4,58.8,38.2,13.9,20.4,3.9,20.7,-3.4,0.3,16.4,13.6,2.8,16.2,11,5.1,92.5,63.7,55.2,8.5,28.8
,Q3,391,240.3,135.4,33.2,102.2,104.9,59,61.1,38.9,13.9,21.1,3.9,22.2,-2.1,0.6,15.9,12.9,3,15.3,10.2,5.1,91.1,61.4,53.2,8.1,29.8
,Q4,399.7,245.1,138.5,35.1,103.4,106.6,62.1,62.5,38.9,13.8,21.1,4,23.6,-0.3,1.1,16.6,13.6,3,15.5,10.2,5.3,91.4,61.2,52,9.2,30.1
1955,Q1,413.1,251.4,142.9,38.4,104.5,108.5,68.7,64.9,39.5,14.3,21.1,4.1,25.4,3.8,1.1,17.3,14.2,3.1,16.2,11.1,5.1,91.9,60.7,52.4,8.4,31.1
,Q2,421.5,256.5,146.8,40.7,106.1,109.6,72.7,68.1,42.1,14.7,23.1,4.2,26,4.6,-0.2,16.9,13.8,3.1,17.1,11.2,5.9,92.5,60.8,51.9,9,31.7
,Q3,430.2,260.7,149.4,42.4,106.9,111.3,74.7,70.5,44.8,15.4,25,4.4,25.6,4.3,0.7,18.1,14.8,3.4,17.4,11.3,6.1,94.1,61.9,53.1,8.8,32.2
,Q4,437.1,264.6,150.5,41.4,109,114.2,78.9,71.7,47.1,16.2,26.3,4.6,24.6,7.2,0.2,18.3,14.9,3.4,18.1,12.5,5.6,93.3,60.6,52.2,8.4,32.8
1956,Q1,439.7,266.2,150.2,39.7,110.5,115.9,78.3,71.9,47.8,17.4,25.4,4.9,24.1,6.4,0.4,19.4,15.9,3.5,18.9,13,5.9,94.8,61,52.8,8.2,33.9
,Q2,446,268.8,151.1,39.8,111.3,117.7,77,73.4,49.1,18,25.9,5.2,24.4,3.6,1.9,20.9,17.2,3.7,19,12.7,6.3,98.2,63.5,54.9,8.6,34.7
,Q3,451.2,272.1,152.1,39.7,112.4,120,78.3,74.7,50.7,18.6,26.8,5.3,24,3.6,2.6,21.8,18.1,3.8,19.3,12.6,6.6,98.3,62.8,55.1,7.7,35.5
,Q4,460.5,277.4,155.2,41.5,113.7,122.3,77.1,74.9,51.4,18.7,27.2,5.5,23.5,2.2,4.5,23.1,19.1,4,18.5,12.9,5.7,101.3,65.2,57,8.1,36.2
1957,Q1,469.8,281.9,158,42.6,115.4,123.9,77.7,75.6,52.5,18.8,28.2,5.5,23.1,2.2,4.8,24.9,20.6,4.3,20.1,13.2,6.9,105.3,67.9,58.8,9.1,37.5
,Q2,472,284.2,158.6,42.2,116.5,125.5,77.9,75.3,52.6,19,28.1,5.5,22.6,2.7,4.1,24.4,20.1,4.3,20.3,13.4,6.9,105.8,67.5,59.6,7.9,38.3
,Q3,479.5,288.8,161.2,41.9,119.4,127.5,79.3,76.5,54.1,19.1,29.3,5.6,22.5,2.8,4,23.8,19.4,4.3,19.8,13.1,6.7,107.4,68.4,60.7,7.7,39.1
,Q4,474.9,290.4,160.5,41.5,119.1,129.9,71,75.6,53.2,18.9,28.6,5.7,22.3,-4.5,3.4,23,18.1,4.9,19.6,13.5,6.1,110.1,70,60.6,9.4,40
1958,Q1,467.5,289.9,159.3,39.4,119.9,130.6,66.7,70.7,49.4,18.1,25.5,5.8,21.4,-4,1.1,20.5,16.6,4,19.5,12.6,6.9,109.8,68.7,60.8,7.9,41.1
,Q2,472,292.8,159.8,38.6,121.2,133,65.1,69.3,47.8,17.6,24.4,5.9,21.5,-4.2,0.5,20.5,16.3,4.2,20.1,12.7,7.4,113.6,71.5,62,9.6,42.1
,Q3,485.8,297.9,162.4,39.4,123,135.5,72,70.5,47.4,17.3,24.1,6,23,1.5,0.9,20.6,16.4,4.1,19.7,12.8,7,115.1,71.9,62.6,9.3,43.2
,Q4,499.6,301.8,164.8,40.7,124.1,137,80,74.8,49.3,17.6,25.5,6.3,25.4,5.2,-0.3,20.6,16.3,4.2,20.8,13.8,7,118,73.9,63.4,10.5,44.1
1959,Q1,510.3,309.4,169.7,43.6,126.1,139.7,83.2,79.3,50.9,17.4,27.1,6.5,28.3,3.9,0.5,21.9,15.6,6.4,21.4,14.5,6.9,117.2,72.4,61.1,11.2,44.8
,Q2,522.7,315.5,172.6,45.5,127.2,142.9,89.4,82.1,52.7,18,28.1,6.6,29.4,7.3,-0.8,21.8,15.9,5.9,22.5,15.5,7,118.5,73.6,60.3,13.3,45
,Q3,525,320.7,174.5,46.3,128.2,146.2,83.6,83.2,54.4,18.6,29.1,6.7,28.8,0.4,1.2,24.1,17.5,6.6,22.9,15.8,7.1,119.5,74.5,61.4,13.1,45
,Q4,528.6,322.8,173.6,44.1,129.5,149.3,86.5,82.4,54.4,18.5,29.1,6.8,28,4.1,0.6,23.1,16.9,6.3,22.5,15.4,7.1,118.6,73.8,61,12.9,44.8
1960,Q1,542.6,326.4,175.1,45.5,129.6,151.3,96.5,85.3,56.3,19.4,30.1,6.9,29,11.2,2.9,26.1,19.5,6.6,23.3,15.7,7.6,117,71,60,11,46
,Q2,541.1,332.2,178.4,46.4,132,153.8,87.1,83.9,57.2,19.5,30.7,7,26.7,3.2,3.4,26.9,20.5,6.4,23.5,15.9,7.6,118.4,71.1,59.5,11.5,47.3
,Q3,545.6,332.1,177.5,45.9,131.6,154.6,86.4,82.1,56.2,19.4,29.5,7.3,25.9,4.3,4.7,27.6,20.9,6.6,22.9,15.1,7.8,122.4,74.2,62,12.2,48.3
,Q4,540.2,334,177.1,44.7,132.4,156.9,76,81.8,55.9,20,28.4,7.5,25.9,-5.8,5.9,27.6,20.9,6.7,21.7,14.2,7.5,124.3,75.3,62.1,13.2,49
1961,Q1,545,334.5,175.6,42.2,133.4,158.9,78.4,80.9,55,19.9,27.4,7.7,25.9,-2.5,5.9,27.6,21.2,6.4,21.7,14.1,7.6,126.2,75.3,63.4,11.9,50.9
,Q2,555.5,339.5,177.6,43.3,134.2,161.9,84.1,82.3,56.2,19.6,28.6,7.9,26.1,1.8,4.7,26.6,20.1,6.6,21.9,14.3,7.6,127.3,76.2,63.4,12.8,51.1
,Q3,567.7,342.3,179.2,44.6,134.6,163.2,90.9,84.3,56.7,19.7,28.9,8.1,27.6,6.7,4.5,27.8,21,6.8,23.3,15.8,7.6,130,78.1,65,13.2,51.8
,Q4,580.6,349.6,182.9,46.7,136.2,166.7,92.9,86.9,58.5,19.6,30.6,8.2,28.5,6,4.6,28.4,21.5,6.9,23.9,16.1,7.7,133.5,79.9,66.5,13.5,53.6
1962,Q1,594,354.8,185.5,47.7,137.8,169.3,98.1,88.7,59.7,20,31.4,8.2,29,9.4,4,28.3,21.2,7.1,24.3,16.4,7.9,137.1,83.3,69.2,14.2,53.8
,Q2,600.4,360.5,187.8,49,138.7,172.7,96.7,91.3,61.4,20.8,32.2,8.3,29.9,5.4,4.8,29.7,22.3,7.4,24.9,16.9,8,138.4,84.1,68.9,15.2,54.3
,Q3,609,364.3,189.5,49.6,140,174.8,98.2,92,62.1,21.4,32.3,8.4,29.9,6.2,4.5,29.6,22.3,7.3,25.1,17.1,8,142.1,87,70.4,16.6,55
,Q4,612.3,370.6,193,51.5,141.5,177.6,95,91.6,61.8,20.9,32.3,8.6,29.8,3.4,3.1,28.7,21.1,7.6,25.6,17,8.5,143.6,87.6,70.3,17.3,56
1963,Q1,621.7,374.3,195,52.6,142.5,179.2,99.7,92.8,62,20.2,32.9,8.9,30.8,6.9,4,29.2,21.3,7.9,25.2,16.9,8.3,143.7,86.2,69.4,16.8,57.5
,Q2,629.8,378.4,196.7,53.9,142.8,181.7,101.7,96.8,63.9,21.2,33.5,9.2,32.9,4.8,5.6,31.4,23.4,8,25.9,17.6,8.3,144.1,85.8,68.9,16.9,58.4
,Q3,644.4,385.4,199.9,54.7,145.2,185.5,104.6,98.9,65.7,21.4,34.9,9.4,33.2,5.7,4.5,31.2,23.8,7.5,26.7,18.2,8.6,149.9,89.9,70.8,19,60.1
,Q4,653.9,390,201,55.7,145.3,189,107.2,102.1,67.7,21.9,36.2,9.5,34.5,5.1,5.7,32.5,24.9,7.6,26.8,18.2,8.5,151,89.7,70.9,18.8,61.3
1964,Q1,669.8,399.6,206.6,58,148.7,192.9,110.5,105.4,69.1,22.4,37.1,9.5,36.2,5.1,7.2,34.2,26.1,8,27,18.3,8.6,152.6,90.1,70.4,19.7,62.5
,Q2,678.7,407.5,210.9,59.5,151.5,196.6,110.5,106.1,71.1,23.5,37.9,9.7,35,4.5,6.3,34,26,8,27.7,19.1,8.6,154.3,90.1,69.4,20.8,64.2
,Q3,692,416.4,216.3,61.4,154.9,200.2,112.6,107.9,73.4,24.3,39.3,9.9,34.5,4.7,6.9,35.4,27,8.4,28.4,19.7,8.7,156,90.8,70.2,20.7,65.2
,Q4,697.3,419,215.2,59.4,155.8,203.8,115,110,75.3,24.8,40.4,10.1,34.6,5,7.2,36.5,27.9,8.6,29.3,20.4,8.9,156.2,90,69,21,66.2
1965,Q1,717.8,429.7,222.7,64.9,157.8,207,126.5,115,80.2,26.1,43.5,10.5,34.8,11.5,4.5,33,24.5,8.5,28.5,19.6,8.9,157,89.5,68,21.5,67.5
,Q2,730.2,436.6,225.6,64.8,160.8,211.1,127.1,118.5,83.4,28.2,44.3,10.9,35.1,8.6,6.7,38.4,29,9.4,31.7,22.4,9.2,159.8,90.1,68.2,22,69.7
,Q3,749.3,445.8,230.8,66.7,164.1,215,131.2,121.9,86.7,28.5,46.8,11.3,35.3,9.3,5.5,37.6,28.1,9.4,32,22.8,9.2,166.8,94.5,71.2,23.3,72.3
,Q4,771.9,459.7,239.7,69.1,170.5,220.1,133.8,126.2,90.6,30.4,48.5,11.7,35.5,7.6,5.8,39.7,30.3,9.4,33.9,24.2,9.8,172.6,98.7,75,23.7,73.9
1966,Q1,795.7,470.1,246.4,72.3,174.1,223.7,144.2,130.3,94.4,31.1,51.1,12.2,35.9,13.9,4.4,39.4,30.7,8.7,35,24.9,10.1,177,101.2,77.5,23.7,75.8
,Q2,805,475.2,247,69.7,177.2,228.2,143.5,131.2,96.8,31.2,53,12.6,34.4,12.3,4.6,40.9,30.4,10.4,36.2,25.6,10.6,181.7,104,79.1,24.9,77.6
,Q3,819.6,484.3,252.1,72.3,179.8,232.2,143.2,131.3,98.3,31.9,53.4,13,33,11.9,2.7,40.9,31,9.9,38.2,27.2,11,189.5,109.9,85.6,24.3,79.5
,Q4,833.3,490.1,253,72.6,180.4,237,145.9,129.4,99.2,31.2,54.6,13.4,30.2,16.5,3.8,42.6,32.3,10.3,38.8,27.7,11.1,193.6,111.2,87.7,23.5,82.5
1967,Q1,844.2,494.3,253.5,71.1,182.4,240.8,142.8,127.4,98,31.7,52.7,13.6,29.4,15.4,4.5,43.9,32.9,11,39.4,27.7,11.7,202.6,117.9,92.2,25.7,84.7
,Q2,849,503.5,258.5,74.5,184,245,137.5,131.2,98.3,30.9,53.6,13.8,32.9,6.3,4.2,43.2,32.6,10.6,39,26.8,12.2,203.8,117.9,93.5,24.4,85.9
,Q3,865.2,510.7,260.5,74.7,185.8,250.2,142.8,133.6,98.8,31.5,53.2,14.1,34.8,9.3,3.3,42.8,32,10.9,39.5,27,12.5,208.4,121,96.7,24.3,87.4
,Q4,881.4,518.2,263.5,75.6,187.9,254.7,147.7,139.2,101.7,32,55.3,14.5,37.5,8.4,2.2,43.9,32.7,11.2,41.7,29.5,12.1,213.3,123.2,97.7,25.5,90.1
1968,Q1,909.4,536.3,274.4,80.9,193.5,261.9,152.3,143.9,105.6,33.1,57.6,14.9,38.3,8.4,1.1,45.5,34,11.5,44.4,32.1,12.3,219.7,126.4,100.5,25.9,93.3
,Q2,934.3,550,280.9,83.1,197.8,269.2,158.9,144.9,105.3,33.2,56.7,15.4,39.6,14.1,1.7,47.2,35.4,11.8,45.4,33.2,12.3,223.6,127.2,101.5,25.6,96.5
,Q3,950.8,566.1,290.4,87.5,202.8,275.7,155.7,148,107.6,33.2,58.6,15.8,40.4,7.7,1.7,49.9,37.1,12.8,48.2,35.4,12.8,227.4,128.5,101.5,27.1,98.8
,Q4,968,575,292.8,87.8,205,282.1,160.8,154.8,112.2,34.8,61.2,16.2,42.6,6,0.9,49.1,36.5,12.7,48.2,35.1,13.1,231.3,129.7,102,27.8,101.6
1969,Q1,993.3,587,298.8,90,208.8,288.2,172.4,160.9,116,35.8,63.7,16.5,44.9,11.5,0.2,44,32.1,12,43.8,30.8,13,233.7,129.6,101.3,28.3,104.1
,Q2,1009,598.3,302.7,90.4,212.2,295.7,172.7,163.5,118.4,36.7,64.7,17,45.1,9.2,1.1,53.8,40.4,13.3,52.7,39.1,13.6,236.9,129.8,100.9,28.9,107.1
,Q3,1030,608.6,306.6,90.6,216,302,177.6,167.4,122.4,38.9,66.1,17.4,45,10.2,1.2,53.6,40,13.6,52.4,38.5,13.8,242.5,133.4,103.4,29.9,109.1
,Q4,1038.1,620.6,310.6,90.8,219.7,310,171.6,165.8,123.3,39.4,66.1,17.7,42.5,5.8,3.1,56.3,42.5,13.8,53.1,38.8,14.3,242.8,132,102.7,29.3,110.8
1970,Q1,1051.2,631.7,314.1,89.6,224.5,317.6,168.1,166.3,123.8,39.5,66.4,17.9,42.5,1.8,3.5,57,43.4,13.6,53.5,39.3,14.2,247.9,133.6,102.8,30.7,114.3
,Q2,1067.4,641.6,317.6,91,226.5,324,171.5,166.4,125,40.3,66.7,17.9,41.4,5.1,5.2,60.4,45.6,14.8,55.2,40.1,15.1,249.1,131.8,99.6,32.2,117.4
,Q3,1086.1,653.5,321.7,92,229.7,331.8,173.9,168.8,126.3,40.6,67.7,18,42.6,5.1,4.1,60.5,45.3,15.2,56.4,41.2,15.3,254.6,132.4,99.9,32.4,122.2
,Q4,1088.6,660.2,321.8,87.3,234.5,338.4,166.8,170.7,123.5,40.8,64.8,17.9,47.2,-4,3,60.9,45.9,15,57.9,42.8,15.1,258.7,133.5,100.5,33.1,125.2
1971,Q1,1135.2,679.2,333.9,98.1,235.8,345.3,189.5,177.2,126.3,41.5,66.6,18.1,51,12.3,4.6,63.2,46.5,16.7,58.7,43.4,15.3,261.9,133.3,99.5,33.9,128.6
,Q2,1156.3,693.2,339.8,101,238.8,353.4,197.3,186.5,129.5,42.3,68.7,18.5,57,10.9,-0.4,62.9,46.4,16.5,63.3,47.4,15.9,266.1,134.3,97.8,36.4,131.9
,Q3,1177.7,705.6,343.9,103.4,240.4,361.7,202.1,191.9,131.2,43.1,69.3,18.8,60.7,10.2,0.2,65.7,49,16.7,65.5,49.6,15.8,269.8,135.6,97.4,38.2,134.2
,Q4,1190.3,721.7,350.9,107.3,243.6,370.8,198.4,198.7,134.7,43.8,71.6,19.3,64,-0.3,-1.9,60,42.9,17.1,61.9,45.7,16.2,272.1,134.7,97.2,37.5,137.4
1972,Q1,1230.6,738.9,357.7,110.7,247,381.2,213,209.7,140.6,45.8,74.9,19.9,69.2,3.2,-3.5,68.6,50.4,18.2,72.2,55.1,17.1,282.2,141.4,101.4,40.1,140.8
,Q2,1266.4,757.4,368.4,114.1,254.3,389,226.8,214.8,144,46.6,76.9,20.4,70.8,12,-4.3,67.2,49.7,17.5,71.4,54.1,17.3,286.5,144.2,103.3,40.9,142.2
,Q3,1290.6,775.8,377.7,117.6,260.1,398.1,233.1,219.4,147,47.3,78.9,20.8,72.4,13.7,-2.6,71.5,52.5,18.9,74.1,57.3,16.8,284.3,138.8,97.7,41,145.6
,Q4,1328.9,800.5,391.5,123.4,268.1,409,239.7,232.2,155,49,84.8,21.2,77.3,7.5,-3.1,76.1,57.7,18.4,79.2,61.3,17.9,291.7,142.2,100.5,41.7,149.6
1973,Q1,1377.5,825,407.3,131.8,275.5,417.7,254.3,243.8,162.8,51.3,89.8,21.7,80.9,10.6,-1.4,84,65.2,18.7,85.4,66.5,18.9,299.6,146.4,103.4,42.9,153.2
,Q2,1413.9,840.5,412.7,131.3,281.4,427.8,268.2,250,171.3,54.1,94.9,22.3,78.7,18.2,2.5,91.9,72.6,19.4,89.5,70,19.4,302.7,146.5,103.4,43.2,156.2
,Q3,1433.8,858.9,420.7,130.8,289.9,438.2,264.3,254.6,176.6,56.8,96.9,23,77.9,9.8,6.4,97.6,77.2,20.3,91.1,72.1,19,304.2,144.2,100.5,43.7,159.9
,Q4,1476.3,873.9,425.9,128.2,297.7,448,280.9,255.9,180.1,57.7,98.7,23.7,75.7,25,9,107.6,88.1,19.6,98.7,78.8,19.9,312.6,147.6,103.3,44.4,165
1974,Q1,1491.2,891.9,435.5,126.7,308.9,456.4,268.4,255.8,183.4,59,100,24.4,72.4,12.5,6.4,116.7,95.1,21.6,110.3,88.8,21.5,324.6,152.7,106.2,46.5,171.9
,Q2,1530.1,920.4,448.6,130.6,318,471.8,277.4,260,188.8,61.3,102.4,25.1,71.2,17.4,-2.7,126.7,103.5,23.1,129.4,106.4,23,335,154.9,108.8,46.1,180.1
,Q3,1560,949.3,464,136.3,327.7,485.3,271,265.4,194.5,61.4,107.1,26,70.9,5.6,-7,126.6,103.7,23,133.6,110.6,23,346.7,160.4,110.3,50.1,186.3
,Q4,1599.7,959.1,458.1,127.1,330.9,501,281.3,260.9,197.6,63.2,107.8,26.6,63.3,20.4,0,136.6,111.7,24.9,136.6,112.3,24.3,359.2,167.4,114.2,53.1,191.9
1975,Q1,1616.1,985.2,468,131.8,336.2,517.2,244.3,254.3,193.1,61.7,104.5,26.9,61.2,-10,16.5,141.4,114.9,26.4,124.9,100.9,24,370.1,168.6,115.1,53.6,201.5
,Q2,1651.9,1013.6,481.5,136.7,344.8,532,243.3,257.2,193.3,60.4,105.6,27.3,64,-14,21.6,136.8,108.5,28.4,115.2,92.3,23,373.4,169.4,114.2,55.1,204
,Q3,1709.8,1047.2,502.8,146.8,356,544.4,265.2,266.6,197.8,61.3,108.5,28,68.8,-1.4,12,134.1,109.8,24.3,122.1,98.8,23.3,385.4,176.1,120,56.1,209.3
,Q4,1761.8,1076.2,513.1,153.4,359.7,563.2,276.2,275.9,202.9,62,111.8,29,73,0.3,13.8,142.5,116.8,25.8,128.7,104,24.7,395.6,180.8,122.6,58.2,214.8
1976,Q1,1820.5,1109.9,530.7,163.3,367.4,579.2,304.6,289.9,209.5,64.1,115,30.4,80.4,14.7,4.7,143.6,117,26.6,138.9,113.5,25.4,401.3,181.6,122.9,58.7,219.7
,Q2,1852.3,1129.5,539,165.9,373.1,590.6,322.3,299.9,215,65.1,118.3,31.6,84.8,22.4,-0.5,146.6,119.1,27.5,147.1,121.3,25.8,401,182.5,123.4,59.1,218.5
,Q3,1886.6,1158.8,550.5,169.8,380.6,608.4,328.3,307.5,222.6,66.7,123.1,32.8,84.9,20.8,-4.1,151.8,122.7,29.1,155.8,128.9,26.9,403.5,184.9,125.2,59.7,218.6
,Q4,1934.3,1192.4,565.1,175.5,389.6,627.3,337.7,327.1,230.2,67.8,128.5,33.9,96.9,10.5,-6.6,156.1,127.1,28.9,162.7,134.7,27.9,410.8,190.2,128.3,61.9,220.6
1977,Q1,1988.6,1228.2,580.4,183.9,396.5,647.8,360.3,345.5,243.3,69.7,139,34.5,102.2,14.8,-21.1,155.4,126.3,29,176.4,147.6,28.8,421.2,194.2,131.6,62.6,227
,Q2,2055.9,1256,592.9,189.2,403.7,663.1,389.7,370.2,253.7,73.6,144.6,35.5,116.5,19.5,-21.1,161.9,131.3,30.6,183,153.2,29.9,431.4,198.9,134.1,64.8,232.4
,Q3,2118.5,1286.9,603.9,194,409.9,683,414.1,383.3,263.3,76.4,150.6,36.2,120,30.9,-20.6,162.3,130.6,31.7,182.9,153.2,29.7,438,201.9,135.3,66.6,236.1
,Q4,2164.3,1324.8,624.3,200.7,423.6,700.5,422.3,398.2,275.9,78.5,160.4,37,122.2,24.1,-29.6,157.8,125.3,32.5,187.4,156.6,30.8,446.7,206.3,136.6,69.7,240.5
1978,Q1,2202.8,1354.1,629.2,198.2,431.1,724.8,434.8,409.3,282.4,80,164.6,37.8,126.9,25.5,-38.7,164.6,129.8,34.8,203.3,170.3,32.9,452.6,208.8,138.7,70.1,243.8
,Q2,2331.6,1411.4,661,216.2,444.8,750.4,470.6,446.3,309.4,90.3,179.7,39.4,137,24.3,-22.6,186.2,150.6,35.6,208.8,175.1,33.7,472.3,217,144.2,72.8,255.3
,Q3,2395.1,1442.2,672.4,216.7,455.6,769.9,492.4,467.4,325.1,98.6,185.5,41.1,142.3,25,-23.8,191.3,153.6,37.7,215.1,179.4,35.7,484.2,222.1,147.3,74.8,262.2
,Q4,2476.9,1481.4,691.7,222.3,469.4,789.7,515.8,487.3,341.4,105.5,192.8,43.2,145.8,28.5,-16.4,205.4,165.6,39.9,221.8,184.8,37.1,496.2,227.8,150.5,77.3,268.4
1979,Q1,2526.6,1517.1,707.9,223.3,484.6,809.3,525.8,502,356.7,107.9,203.4,45.4,145.3,23.9,-18.2,211.7,170.9,40.8,229.8,192.2,37.6,501.8,231.7,153.7,77.9,270.1
,Q2,2591.2,1557.6,722.2,222.1,500.1,835.5,539.3,511.9,364.3,112.8,204.2,47.2,147.6,27.4,-22.2,220.9,178.9,42,243.1,204.1,39,516.5,237.6,158.6,79,278.9
,Q3,2667.6,1611.9,753.3,230.9,522.3,858.6,545.6,533.5,383,121.8,212.1,49.1,150.5,12.1,-23,234.3,191.3,43,257.3,216.8,40.5,533.1,243.7,162.7,81,289.4
,Q4,2723.9,1655,768.4,229,539.4,886.6,547.9,539.3,391.3,128.3,212.5,50.6,148,8.6,-26.8,253.7,208,45.6,280.5,238.1,42.4,547.8,249.3,167.3,82,298.4
1980,Q1,2789.8,1702.3,792,232.1,559.9,910.3,554.6,544.7,404.5,132.6,219.6,52.3,140.2,9.9,-35.8,268.5,222,46.5,304.3,259.7,44.7,568.8,261.1,175.2,85.9,307.7
,Q2,2797.4,1704.7,777.8,211.9,565.9,926.9,519.3,511.5,394.7,132.3,209.1,53.3,116.9,7.8,-15.2,277.4,227.7,49.7,292.6,248.5,44.1,588.5,276.5,182,94.6,312
,Q3,2856.5,1763.8,801.9,225.4,576.5,961.9,495.1,528.9,405.7,135.8,215.2,54.7,123.2,-33.9,5.5,284.7,232.5,52.2,279.2,234.1,45.1,592.2,276.1,183.8,92.3,316.1
,Q4,2985.6,1831.9,827.5,236.2,591.3,1004.4,551.5,560.6,422.8,144.1,221.6,57.1,137.8,-9.1,-6.7,292.5,239.5,53,299.2,252,47.2,608.9,285.8,192.7,93.1,323.1
1981,Q1,3124.2,1885.7,860.1,246,614,1025.6,619.4,580.6,443,150,232,61,137.6,38.8,-14.3,305.5,247.2,58.2,319.7,270.2,49.5,633.4,297.2,200.2,97.1,336.1
,Q2,3162.5,1917.5,863.8,240.9,622.8,1053.7,609.8,598.1,462.9,161,238.3,63.5,135.3,11.7,-13.5,308.5,248.8,59.7,322,271.8,50.2,648.7,311.9,210.2,101.7,336.8
,Q3,3260.6,1958.1,881.1,251.9,629.1,1077,652.3,608.3,482.1,169.7,246.6,65.8,126.2,44,-7.6,302.3,241.7,60.6,309.9,260.5,49.4,657.8,317.4,216.2,101.3,340.3
,Q4,3280.8,1974.4,872.5,236.8,635.7,1101.9,643.4,618.6,503.8,188.5,246.5,68.7,114.8,24.8,-14.8,304.7,243.1,61.6,319.4,268.8,50.6,677.7,329.3,226.9,102.4,348.4
1982,Q1,3274.3,2014.2,886.3,246.4,639.9,1127.9,588.3,609.8,500.1,186.6,242.8,70.6,109.7,-21.5,-16.3,293.2,232.3,60.9,309.5,257.6,51.9,688.1,334.9,232.6,102.3,353.2
,Q2,3332,2039.6,887.9,249.2,638.7,1151.7,593.6,597.8,490.1,182.5,235.4,72.2,107.7,-4.2,-4.4,294.7,233.9,60.9,299.1,245.8,53.3,703.1,342.9,242.2,100.7,360.2
,Q3,3366.3,2085.7,901.8,252.1,649.7,1183.8,593,587.2,478.7,172.9,232.3,73.5,108.4,5.8,-29.6,279.6,218.5,61.1,309.3,257.2,52.1,717.3,351.5,249.2,102.3,365.8
,Q4,3402.6,2145.6,921.1,264.4,656.7,1224.5,549.2,589.1,471.5,168.3,228.9,74.4,117.5,-39.8,-29.6,265.3,205.5,59.8,294.9,241.5,53.4,737.4,364.1,257.6,106.5,373.3
1983,Q1,3473.4,2184.6,925.9,268.9,657,1258.7,565.5,600.6,462.1,158.6,227.1,76.4,138.5,-35.1,-24.5,270.7,209.7,61,295.3,242.5,52.7,747.9,370.5,261.5,109,377.4
,Q2,3578.8,2249.4,962.6,289.6,673,1286.8,613.8,621.5,466.5,149.5,237.6,79.4,155,-7.7,-45.4,272.5,209.1,63.4,317.9,262.8,55.2,761.1,380.3,268.6,111.8,380.7
,Q3,3689.2,2319.9,990.8,302.4,688.4,1329.1,652.3,656.5,485.4,152.6,249.8,82.9,171.1,-4.2,-65.2,278.2,214.3,63.9,343.4,285.9,57.5,782.2,394.4,274.5,119.9,387.8
,Q4,3794.7,2372.5,1015.8,319.3,696.5,1356.7,718.5,694.6,514.7,156.6,271.4,86.7,179.9,23.9,-71.4,286.6,223.1,63.5,358,299.6,58.4,775.1,384.2,283.6,100.6,390.9
1984,Q1,3908.1,2418.2,1037.9,331.4,706.5,1380.3,790.9,717.9,531.5,165.7,275.6,90.1,186.4,73,-95,293,224.3,68.6,388,322.5,65.5,794,392.4,287.9,104.5,401.6
,Q2,4009.6,2475.9,1063.6,341.3,722.4,1412.2,818.9,749.6,558.3,175.8,289,93.5,191.3,69.3,-104.3,302.2,230,72.2,406.5,337.9,68.6,819.1,408.3,293.9,114.4,410.8
,Q3,4084.3,2513.5,1066.6,342.1,724.6,1446.9,838.9,767.5,576.6,182.5,297.3,96.8,190.9,71.3,-103.8,305.7,234.4,71.3,409.6,339.9,69.7,835.7,414,298.3,115.7,421.7
,Q4,4148.6,2561.8,1086.6,353.8,732.8,1475.2,831.7,783.8,590.9,185.5,305.6,99.8,192.9,48,-107.8,308.6,236.4,72.2,416.4,345,71.3,862.8,432.5,314.9,117.6,430.2
1985,Q1,4230.2,2636,1110.4,368,742.4,1525.6,809.9,793.6,599.4,194.9,302.6,101.9,194.2,16.2,-91.3,306,232.1,73.9,397.3,325.4,71.9,875.6,434.8,313.9,120.9,440.8
,Q2,4294.9,2681.8,1126,373.3,752.8,1555.8,827,805.4,609.1,195.2,309.5,104.3,196.3,21.6,-114.4,304.1,228.7,75.4,418.6,344.4,74.1,900.5,447.3,323.7,123.6,453.2
,Q3,4386.8,2754.1,1156.9,396.5,760.5,1597.2,822.2,805.9,604.4,192.2,306.1,106.1,201.4,16.3,-116.9,297.3,222.2,75.1,414.2,340.5,73.6,927.4,463.1,337.7,125.5,464.3
,Q4,4444.1,2779.4,1157.1,383.8,773.3,1622.3,859.5,826.4,618.1,195.8,313.4,108.9,208.4,33.1,-133.4,305.4,226.9,78.5,438.9,362.8,76,938.6,466.4,342.7,123.7,472.1
1986,Q1,4507.9,2823.6,1170.9,391.6,779.3,1652.8,863.5,833.1,613.5,191.7,310.8,111.1,219.5,30.4,-126,313.4,224.5,88.9,439.4,357.7,81.7,946.8,464,339.1,124.8,482.8
,Q2,4545.3,2851.5,1174.7,407.3,767.5,1676.7,855.2,839.6,605,174.5,317.5,113,234.6,15.7,-128.9,315.1,227.9,87.3,444,365.1,78.9,967.5,477.8,350.8,127,489.7
,Q3,4607.7,2917.2,1216.7,445.7,771,1700.5,835.8,842.9,602,169,318.6,114.3,240.9,-7,-139,320.5,229.8,90.7,459.4,374.8,84.7,993.6,495.1,364.3,130.8,498.5
,Q4,4657.6,2952.8,1220.1,441.1,779,1732.7,842.1,854.8,610.6,170.9,323.9,115.8,244.3,-12.8,-133.6,335,243.6,91.4,468.6,382.5,86.2,996.4,489.8,355.3,134.5,506.6
1987,Q1,4722.2,2983.5,1215.9,418.5,797.4,1767.6,871.2,843.2,596.6,166.9,312.6,117,246.7,28,-141.2,336.5,243,93.5,477.7,389.5,88.1,1008.7,492.1,361.5,130.7,516.5
,Q2,4806.2,3053.3,1251.4,439.1,812.3,1801.9,874.6,858.1,608.4,169.6,320.2,118.6,249.7,16.5,-147,355.4,258.8,96.6,502.3,409.1,93.3,1025.2,501.2,371,130.2,524
,Q3,4884.6,3117.4,1281.2,460.5,820.7,1836.2,876.5,875.4,625.5,177.6,327.1,120.8,250,1,-145.5,371.9,272.1,99.8,517.3,422.8,94.5,1036.2,504.1,377.8,126.3,532.1
,Q4,5008,3150.9,1276.7,449.9,826.8,1874.2,946.5,883.4,630.6,182.7,323.8,124,252.8,63.1,-145.4,392.1,288.3,103.8,537.5,437.7,99.8,1056,513.7,379.3,134.4,542.3
1988,Q1,5073.4,3231.9,1308.8,470.4,838.4,1923.1,908.6,891.6,641.5,178.6,335.6,127.3,250.1,17,-124,418.7,311.2,107.5,542.7,441.5,101.2,1056.9,505.8,378.4,127.3,551.1
,Q2,5190,3291.7,1326.8,473.2,853.5,1965,934.5,914.9,659.4,184.2,344.8,130.4,255.5,19.6,-106.6,439.5,328.5,111,546.1,445.7,100.4,1070.4,506.9,379.8,127.1,563.5
,Q3,5282.8,3361.9,1341.2,470.4,870.8,2020.7,942,923.8,666.3,183.5,349.1,133.7,257.5,18.2,-99.3,453.6,338.7,114.9,552.8,451.1,101.7,1078.2,507.4,379,128.4,570.8
,Q4,5399.5,3434.5,1372.5,486.2,886.3,2062.1,962.7,943.6,681.9,184.9,357.7,139.3,261.7,19.1,-107.7,466.6,349.8,116.8,574.3,470.2,104.1,1109.9,525.6,391.1,134.5,584.3
1989,Q1,5511.3,3490.2,1389,486.5,902.5,2101.2,1005.5,957.4,696.5,189.5,363.4,143.6,260.9,48.1,-101,485.2,360.5,124.7,586.2,482,104.2,1116.6,519.9,382.1,137.8,596.7
,Q2,5612.5,3553.8,1421.1,493.3,927.7,2132.7,1001,964.8,709,189.6,371.6,147.8,255.8,36.3,-88.2,507.2,379.6,127.6,595.4,490.7,104.7,1145.8,534.3,391.5,142.8,611.5
,Q3,5695.4,3609.4,1441.9,505.6,936.3,2167.5,996.5,986.6,731.1,197.7,381,152.3,255.5,9.8,-75.1,509.4,379,130.3,584.4,477.4,107,1164.6,541.4,397.2,144.2,623.2
,Q4,5747.2,3653.7,1443.2,491.9,951.3,2210.5,995.8,979.3,727.4,198.1,372.6,156.7,251.9,16.6,-82.8,515.4,379.9,135.5,598.2,489,109.1,1180.5,540.8,394.1,146.7,639.7
1990,Q1,5872.7,3737.9,1489.6,515.4,974.2,2248.4,1010.8,996.9,740.9,204.1,376.4,160.3,256,14,-88.5,538.2,396.2,142,626.8,510.4,116.4,1212.5,553.7,401.9,151.8,658.8
,Q2,5960,3783.4,1479.3,498.4,980.9,2304.2,1014.7,981,734.1,204.6,365.7,163.8,246.9,33.7,-68.8,545.9,400.6,145.3,614.8,495.8,119,1230.7,563.9,405.7,158.2,666.8
,Q3,6015.1,3846.7,1496.7,493.6,1003.1,2350,1000.8,978.9,744.4,205.5,373.6,165.3,234.5,21.9,-75,555.1,406.3,148.8,630.1,506.3,123.8,1242.6,562.2,402.2,160,680.3
,Q4,6004.7,3867.9,1499.7,480.9,1018.8,2368.2,947.5,958.8,737.5,197.4,371.8,168.3,221.3,-11.3,-79.1,568.2,409.9,158.3,647.3,519.8,127.5,1268.5,569.7,410.2,159.4,698.8
1991,Q1,6035.2,3873.6,1485.8,471.7,1014.2,2387.7,924.6,940.1,729.8,194.9,361.3,173.6,210.3,-15.5,-47.1,573.2,420.7,152.5,620.3,497,123.4,1284.2,581.4,417.9,163.5,702.8
,Q2,6126.9,3926.9,1497,475.2,1021.8,2429.9,926.5,944.6,726.8,189.9,358.2,178.7,217.8,-18,-23.2,590.7,427.1,163.6,613.9,491,122.9,1296.6,586.6,418.7,167.9,709.9
,Q3,6205.9,3973.3,1508.7,484.3,1024.4,2464.5,947.5,946.6,720.2,177.5,362.6,180.1,226.5,0.8,-21.1,600.6,431.6,169,621.7,500.4,121.2,1306.3,586.3,416.1,170.2,719.9
,Q4,6264.5,4000,1498.2,477.5,1020.7,2501.9,978.8,947.7,717.6,172.2,361.4,184.1,230.1,31.1,-23.1,615.2,441.2,174.1,638.3,514.5,123.8,1308.8,577.4,403.4,174,731.4
1992,Q1,6363.1,4100.4,1533.8,496.2,1037.7,2566.6,956.8,956.6,714.2,169.9,360.1,184.2,242.4,0.2,-20.5,625.3,449.7,175.6,645.8,523.5,122.4,1326.4,580.3,402.5,177.9,746.1
,Q2,6470.8,4155.7,1548.2,501,1047.2,2607.5,1013.1,989.9,736.7,170.6,379.5,186.5,253.2,23.2,-32.8,626.2,448.8,177.4,659,537.9,121.1,1334.8,580.9,401.7,179.2,753.9
,Q3,6566.6,4227,1573.1,512.1,1061,2653.8,1024.2,1003.7,748.5,173,387.6,187.9,255.1,20.5,-38.5,639.4,460.6,178.8,677.9,553.9,124,1354,594.2,412.4,181.8,759.8
,Q4,6680.8,4307.2,1597.9,523.1,1074.8,2709.3,1058,1036.6,768.3,176.7,399.6,192.1,268.3,21.3,-47.1,641.4,462.2,179.2,688.5,564.5,124,1362.8,598.4,409.4,189,764.4
1993,Q1,6729.5,4349.5,1607,527.9,1079.1,2742.5,1083.8,1047.9,776.5,175.6,406.6,194.3,271.4,35.9,-55.7,643.6,460.4,183.2,699.3,575.9,123.4,1351.8,580.3,393.2,187.1,771.5
,Q2,6808.9,4418.6,1634.2,547.8,1086.3,2784.4,1094.5,1070.4,792.4,174.1,421.5,196.7,278,24.1,-63.2,653.1,466.9,186.2,716.3,590.1,126.1,1359.1,576.7,389.2,187.6,782.3
,Q3,6882.1,4487.2,1649.2,556.6,1092.5,2838,1095.9,1089.3,798.3,176,425,197.4,290.9,6.6,-68.4,650.9,462.6,188.3,719.3,592.1,127.1,1367.4,578.7,389.6,189.1,788.7
,Q4,7013.7,4552.7,1679.1,573.8,1105.3,2873.6,1153.1,1136.5,829.6,182.9,447.4,199.3,306.9,16.6,-73.4,671.6,481.1,190.5,745,612.9,132.1,1381.4,584.9,394.6,190.3,796.5
1994,Q1,7115.7,4621.2,1705.7,588.8,1116.8,2915.6,1201.7,1156.3,840.7,178.5,461.8,200.4,315.6,45.4,-80.6,681.2,484.1,197.1,761.8,627.2,134.6,1373.4,567,376.4,190.6,806.3
,Q2,7246.9,4683.2,1726.8,598.7,1128.1,2956.3,1264.9,1183.5,855.6,187.1,465.4,203.1,327.9,81.4,-90.6,707,505.3,201.7,797.6,662,135.5,1389.4,569.4,379.9,189.4,820
,Q3,7331.1,4752.8,1758.9,609.3,1149.6,2993.9,1251.7,1198.5,872.1,188.1,476.5,207.6,326.4,53.2,-96.9,736.9,533.8,203.1,833.8,695.7,138.1,1423.4,586.5,394.3,192.2,836.9
,Q4,7455.3,4826.7,1794.8,631.8,1163,3031.9,1307.6,1232.4,907,193.4,501.9,211.8,325.4,75.1,-101.9,758.6,550.3,208.3,860.6,722.3,138.2,1422.9,575.8,377.8,198,847.1
1995,Q1,7522.3,4862.4,1788.1,621.3,1166.9,3074.3,1327.6,1266.4,944.6,201.2,525.3,218.2,321.8,61.2,-105.3,781.6,571.6,210,886.9,745.5,141.4,1437.6,579.1,380.1,199,858.5
,Q2,7581,4933.6,1803.9,626.9,1177,3129.7,1304,1270.2,956.8,207.4,525.4,224,313.5,33.8,-109.5,798.9,583.2,215.7,908.3,764.3,144.1,1452.9,581,381.9,199.1,871.9
,Q3,7683.1,4998.7,1826.2,642.5,1183.7,3172.4,1303.2,1291.9,965.5,210.3,524.8,230.4,326.4,11.3,-74.4,831.4,605.8,225.6,905.8,759.7,146.1,1455.7,579.3,378.2,201.1,876.3
,Q4,7772.6,5055.7,1843.9,652.2,1191.7,3211.8,1335.1,1316.7,982.1,210.2,537,234.8,334.6,18.4,-69.8,839.4,609.3,230.2,909.2,760.4,148.8,1451.6,567.3,368.4,198.9,884.3
1996,Q1,7868.5,5130.6,1871,659.8,1211.2,3259.6,1355.4,1348.5,1003.7,214.3,546,243.4,344.7,6.9,-88.8,847.9,617.1,230.8,936.7,784.5,152.2,1471.3,579.8,378.6,201.3,891.5
,Q2,8032.8,5220.5,1915.9,676.3,1239.5,3304.6,1418.4,1387.9,1026.5,219.8,556.9,249.8,361.4,30.5,-93.7,859,621.2,237.9,952.8,798.4,154.4,1487.7,582.1,380.8,201.3,905.5
,Q3,8131.4,5274.5,1925.9,679.4,1246.5,3348.6,1474.4,1423.3,1059,225.3,577,256.7,364.3,51.1,-114.2,859.6,626.5,233.1,973.8,814.4,159.3,1496.7,577.8,376.1,201.6,919
,Q4,8259.8,5352.8,1957.9,689.6,1268.3,3394.8,1480.1,1445.4,1083.6,238.9,581.4,263.3,361.8,34.7,-88.8,903.8,650.3,253.5,992.6,832.5,160.2,1515.7,576.9,373.6,203.4,938.8
1997,Q1,8362.7,5433.1,1986.6,705.6,1281,3446.5,1522.4,1472.7,1107.3,242.7,587.5,277.1,365.4,49.7,-108.8,918.4,668.9,249.5,1027.2,861.5,165.8,1516,570.7,362.8,207.9,945.3
,Q2,8518.8,5471.3,1974.3,696.6,1277.7,3497,1590.2,1501.8,1129.6,242.6,602.3,284.6,372.3,88.4,-85.2,954.5,701,253.5,1039.7,872,167.7,1542.5,587.2,375.8,211.4,955.4
,Q3,8662.8,5579.2,2020.1,722.8,1297.3,3559.1,1625.3,1557.3,1178.4,255.7,630.5,292.2,379,67.9,-96.8,974.1,717.5,256.5,1070.9,898.4,172.5,1555.2,586,372.3,213.7,969.2
,Q4,8765.9,5663.6,2045,737.2,1307.8,3618.6,1644.5,1566.9,1181.1,260.1,623.1,297.9,385.8,77.7,-117,968.3,712.2,256.2,1085.3,910.8,174.5,1574.8,589.2,377,212.2,985.6
1998,Q1,8866.5,5721.3,2044.4,737.7,1306.7,3677,1712.3,1607.2,1212.4,261.7,645.8,304.9,394.8,105.1,-135.2,963,708.2,254.9,1098.2,920.8,177.4,1568,572.2,356.6,215.5,995.9
,Q2,8969.7,5832.6,2089.2,769.2,1319.9,3743.4,1695.8,1658.4,1247.1,278.9,655.9,312.3,411.3,37.3,-162.3,947.3,683.7,263.6,1109.6,926.9,182.8,1603.7,587.1,369.3,217.7,1016.6
,Q3,9121.1,5926.8,2119.9,785,1334.8,3807,1741.6,1689.2,1261.7,280.8,658.4,322.4,427.6,52.4,-174.6,935.3,676.6,258.7,1109.9,922.5,187.4,1627.3,588.6,376.6,212,1038.6
,Q4,9294,6028.2,2180.3,825.2,1355.2,3847.9,1797,1736.9,1295.4,282.6,680,332.9,441.5,60,-178.7,966.3,701.8,264.5,1145,952.8,192.2,1647.5,594.2,372.4,221.8,1053.2
1999,Q1,9417.3,6102.5,2204.9,819.9,1384.9,3897.6,1853.1,1769.7,1322.3,284,695.1,343.2,447.4,83.4,-207.7,962.4,688.1,274.3,1170.1,978.5,191.6,1669.4,595.5,372.2,223.2,1073.9
,Q2,9524.2,6225.3,2273.1,854.8,1418.3,3952.2,1848.3,1813.2,1354,283.1,712.1,358.8,459.3,35.1,-244.7,973.5,697.3,276.2,1218.2,1024.5,193.6,1695.2,599.8,374.9,224.9,1095.4
,Q3,9681.9,6328.9,2311.3,871.2,1440.1,4017.6,1893.7,1853.2,1386.6,285.1,728.1,373.4,466.6,40.5,-275.3,1003.2,717.1,286.1,1278.5,1078.3,200.2,1734.5,614.9,386.6,228.3,1119.6
,Q4,9899.4,6459.6,2359,876.3,1482.7,4100.6,1953.1,1868.9,1395,290.7,719.1,385.2,473.8,84.2,-295.6,1032,744.4,287.6,1327.7,1123.5,204.2,1782.3,635.2,399.3,235.9,1147.1
2000,Q1,10002.9,6613.6,2413.1,920.9,1492.2,4200.5,1950.7,1934.5,1450.3,300.6,749.4,400.3,484.2,16.2,-352.1,1054.2,761.6,292.6,1406.3,1193.7,212.6,1790.7,620.4,383,237.3,1170.4
,Q2,10247.7,6707.5,2437.1,901.9,1535.1,4270.5,2075.8,1985.3,1498.7,316.2,774,408.6,486.6,90.4,-358.7,1092.5,790.3,302.2,1451.2,1231.2,220,1823.1,642,399.6,242.4,1181.1
,Q3,10319.8,6815.4,2469.2,911.7,1557.5,4346.2,2060,2002.7,1519.7,330.9,774,414.7,483.1,57.2,-387.8,1124.3,821.1,303.1,1512.1,1282.5,229.6,1832.3,634.1,391,243.1,1198.3
,Q4,10439,6912.1,2493.4,915.8,1577.6,4418.7,2067.2,2012.9,1525.1,336.3,767,421.8,487.8,54.3,-401.5,1114.1,810.7,303.4,1515.6,1293,222.6,1861.2,638.4,396.6,241.7,1222.9
2001,Q1,10472.9,6986.9,2499.2,926.8,1572.4,4487.6,1971.3,2002,1505.2,331.8,751.7,421.8,496.7,-30.6,-390.8,1095.1,797.1,298,1485.8,1262.6,223.2,1905.4,653.1,404.5,248.6,1252.3
,Q2,10597.8,7036.3,2510.1,919.5,1590.6,4526.2,1973,1984.6,1473.6,338.9,716,418.7,511,-11.6,-358.5,1052.6,761.4,291.2,1411.1,1186.7,224.4,1947,666.1,410,256,1280.9
,Q3,10596.3,7064.7,2515.2,923.9,1591.4,4549.4,1944.9,1975,1452.6,347.1,692.4,413.1,522.4,-30.1,-366,996.4,715.2,281.2,1362.4,1142.9,219.4,1952.7,674.3,415.4,258.9,1278.4
,Q4,10660.3,7174.7,2577.8,995.9,1581.9,4596.9,1850.1,1930.9,1408.9,316.3,686,406.6,522.1,-80.8,-356.4,954.5,691.2,263.3,1310.9,1102.9,208.1,1992,686.8,422.8,264,1305.2
2002,Q1,10789,7209.9,2561.9,976.2,1585.6,4648.1,1912.7,1912.4,1374,302.7,667.3,404.1,538.3,0.3,-372.6,970.7,687.5,283.2,1343.3,1118.2,225.1,2038.9,713.9,440.9,273,1325
,Q2,10893.2,7302.1,2586.9,977.4,1609.5,4715.2,1933.3,1912.1,1357.3,289.3,661.9,406,554.8,21.2,-415.7,1003.9,714.3,289.6,1419.6,1193.7,225.9,2073.5,734.7,452.5,282.2,1338.8
,Q3,10992.1,7390.9,2618.4,1001.7,1616.7,4772.5,1933.2,1907.8,1348.9,278.2,661.3,409.3,558.9,25.4,-432.5,1017.2,725,292.1,1449.7,1221.6,228,2100.4,748.2,460.2,288.1,1352.2
,Q4,11071.5,7467.7,2628,986.1,1641.9,4839.8,1942.5,1909.5,1331.2,277.7,648,405.5,578.3,33,-480.8,1003.2,709.2,294,1484,1244,240,2142,775.1,482.2,292.9,1366.9
2003,Q1,11183.5,7555.8,2657.3,974.5,1682.8,4898.4,1960.2,1934.1,1332.7,279.2,644.3,409.2,601.4,26.1,-504.9,1008.2,719.2,289,1513,1274.8,238.2,2172.4,792.3,495,297.4,1380
,Q2,11312.9,7642.6,2677.9,1007.8,1670.1,4964.7,1972.4,1978.9,1366.8,286.9,665.2,414.7,612,-6.5,-501.5,1007.9,720,288,1509.5,1274.2,235.3,2199.4,825.5,521.9,303.5,1374
,Q3,11567.3,7802.6,2766.2,1041.8,1724.5,5036.3,2044.3,2043.9,1392.1,287.9,680.7,423.5,651.7,0.4,-500.8,1038.1,735,303.1,1538.9,1284.2,254.6,2221.2,832.7,524,308.7,1388.5
,Q4,11769.3,7891.5,2788.9,1047.1,1741.8,5102.6,2131.3,2095,1411.9,292.4,692.3,427.2,683.1,36.3,-505.4,1090.5,774.1,316.4,1595.8,1332.1,263.7,2251.8,854.6,544,310.6,1397.3
2004,Q1,11920.2,8027.7,2843.2,1064.2,1779,5184.5,2154.1,2108,1401.8,292.3,681.8,427.7,706.2,46,-549,1137.7,799.3,338.4,1686.7,1408.5,278.2,2287.3,871.3,556.1,315.2,1416
,Q2,12109,8133,2869,1066,1803,5264,2262.6,2188.6,1445.5,300.8,713.5,431.2,743.2,74,-608,1167.8,824.1,343.7,1775.8,1488.7,287.1,2321.4,884.2,562.8,321.3,1437.2
,Q3,12303.3,8264.3,2911.3,1085,1826.3,5353,2318.3,2254.1,1490.5,314,734.2,442.3,763.6,64.2,-636.4,1182.7,836.7,346,1819.1,1528,291.1,2357.2,902.2,580.7,321.5,1455
,Q4,12522.4,8425.6,2984.5,1107.1,1877.5,5441,2390.1,2318,1531.7,323.6,758.1,450.1,786.3,72.1,-682.9,1222.3,859.7,362.6,1905.2,1604.2,301,2389.7,909.3,579.8,329.5,1480.3
2005,Q1,12761.3,8523,3001.9,1110,1892,5521,2486.1,2383.6,1568.3,337.5,768.6,462.2,815.3,102.5,-674.6,1264.8,886,378.8,1939.4,1636.1,303.2,2426.9,931.5,598.4,333.1,1495.4
,Q2,12910,8671.4,3057.4,1137.9,1919.5,5614,2476.5,2447.6,1603.8,345,786.9,472,843.8,28.8,-690.8,1296,919.9,376.2,1986.8,1679.6,307.3,2452.9,939,606,333,1513.9
,Q3,13142.9,8849.2,3137.8,1151.8,1986,5711.4,2531.1,2518.7,1643.1,355.8,808.3,479.1,875.6,12.4,-732.5,1307.1,924.2,382.9,2039.6,1726.2,313.4,2495.1,956.1,616.4,339.7,1539
,Q4,13332.3,8944.9,3134.5,1114.7,2019.7,5810.4,2645.3,2558.9,1668.7,373.6,815.8,479.3,890.2,86.4,-786.9,1353,957.6,395.4,2139.9,1819.9,319.9,2529.1,963.3,617,346.3,1565.8
2006,Q1,13603.9,9090.7,3196.8,1154.1,2042.7,5893.8,2709.7,2631.5,1735.3,397.6,850.2,487.6,896.2,78.2,-777.2,1413,1004.9,408.1,2190.2,1851.5,338.7,2580.7,996.6,635.7,360.9,1584.1
,Q2,13749.8,9210.2,3226.1,1149.2,2076.8,5984.2,2709.3,2633.7,1774.4,420.1,857.6,496.7,859.3,75.5,-780.6,1460,1036.3,423.7,2240.6,1895.6,345,2610.9,996.6,640,356.7,1614.3
,Q3,13867.5,9333,3273.4,1160.5,2112.9,6059.6,2709.4,2630.7,1815.9,435.8,867.4,512.7,814.7,78.8,-805.6,1477.8,1053.8,424.1,2283.5,1939.1,344.4,2630.7,994.9,632.4,362.6,1635.7
,Q4,14037.2,9407.5,3262.2,1169.4,2092.8,6145.2,2675.4,2631.9,1849.5,447.2,873.9,528.4,782.4,43.5,-720.3,1539.6,1084.7,454.9,2259.9,1896.7,363.2,2674.7,1014.6,655.2,359.4,1660.1
2007,Q1,14208.6,9549.4,3308.1,1179,2129.1,6241.3,2664.3,2642.9,1892,469.6,886.3,536.2,750.9,21.4,-724.3,1577.1,1106.9,470.2,2301.4,1934.7,366.7,2719.2,1017.2,654.6,362.5,1702
,Q2,14382.4,9644.7,3351.8,1185.7,2166.1,6292.9,2699.2,2657,1937.7,498.1,897.8,541.8,719.3,42.2,-731.9,1622.1,1138,484.2,2354,1977.7,376.4,2770.3,1042,674.1,367.9,1728.3
,Q3,14535,9753.8,3380,1191.9,2188.2,6373.8,2686,2641,1967.4,526.7,896,544.7,673.7,44.9,-713.8,1683.7,1177.6,506.2,2397.5,2012.7,384.8,2809,1058.3,684.4,373.9,1750.7
,Q4,14681.5,9877.8,3428.2,1195.6,2232.6,6449.6,2642.6,2615.3,1997.1,546.8,893.6,556.7,618.2,27.3,-703.7,1760.5,1222.7,537.8,2464.2,2073.6,390.6,2864.9,1084.6,703.9,380.6,1780.3
2008,Q1,14651,9934.3,3406.4,1153.5,2252.9,6527.9,2563.7,2580.4,2013.7,556.9,885.4,571.4,566.7,-16.7,-756.2,1811,1275.4,535.6,2567.2,2160.8,406.4,2909.3,1110.3,721.2,389.1,1799
,Q2,14805.6,10052.8,3443.5,1137.7,2305.8,6609.3,2540.6,2562.8,2024,571.9,871.8,580.3,538.8,-22.3,-758.9,1909.7,1353,556.7,2668.7,2253.4,415.2,2971.1,1145.5,742.2,403.3,1825.6
,Q3,14835.2,10081,3427.9,1095.8,2332.1,6653.1,2498.2,2514.1,2007,578.8,852.1,576.1,507.1,-15.8,-771.6,1921.8,1372.7,549.1,2693.3,2269.6,423.7,3027.5,1168.7,766.3,402.4,1858.9
,Q4,14559.5,9837.3,3175.1,1008,2167.1,6662.2,2307.9,2370.1,1918.7,576.8,772.2,569.8,451.4,-62.2,-605.7,1705.7,1169.1,536.6,2311.4,1893.2,418.2,3020,1177.9,771.6,406.2,1842.2
2009,Q1,14394.5,9756.1,3120,1004.5,2115.5,6636.1,2014.9,2165.9,1761.4,527.7,683.5,550.1,404.5,-151,-396.1,1514.3,1005.9,508.5,1910.4,1521.2,389.2,3019.7,1183,765.4,417.5,1836.7
,Q2,14352.9,9760.2,3134.5,994.7,2139.8,6625.7,1863.7,2059.7,1685,473.1,652.2,559.7,374.7,-196,-338.6,1518.3,1005.5,512.8,1856.9,1471,385.9,3067.6,1210.8,782.9,427.9,1856.7
,Q3,14420.3,9895.4,3228.5,1035.1,2193.4,6666.9,1841.4,2045.4,1656,429.5,662,564.5,389.4,-204,-405.5,1591.1,1068,523.1,1996.6,1603.4,393.2,3089,1225.5,792.8,432.7,1863.5
,Q4,14628,9957.1,3237.1,1014.2,2222.9,6720,1998.7,2050.8,1659.3,392.9,683.3,583.1,391.5,-52.1,-445.6,1704.3,1154.4,549.9,2149.8,1745.9,404,3117.8,1253.4,809.1,444.3,1864.4
2010,Q1,14721.4,10040.5,3266.2,1021.1,2245.1,6774.3,2038.2,2039.4,1660,368.8,719.8,571.4,379.4,-1.2,-489.2,1746.9,1201.1,545.7,2236.1,1832.5,403.5,3131.9,1275.7,817.5,458.2,1856.2
,Q2,14926.1,10131.8,3291.2,1043.9,2247.3,6840.5,2148.8,2112.1,1715.7,382.1,763.7,570,396.3,36.7,-519.1,1810,1251.4,558.6,2329.1,1920.4,408.8,3164.7,1302.6,828,474.5,1862.1
2010,Q3,15079.9,10220.6,3315.1,1052.4,2262.7,6905.5,2236.5,2123.6,1762.4,379.1,804.5,578.8,361.2,112.9,-535.1,1865.6,1282.7,582.9,2400.7,1979.8,420.9,3157.9,1302.3,828.9,473.4,1855.6
,Q4,15240.8,10350.5,3398.8,1078.4,2320.4,6951.7,2238.4,2171.1,1801.9,389.2,820.1,592.5,369.3,67.3,-512.2,1962.6,1354.5,608.1,2474.8,2046.6,428.3,3164.1,1311.1,837.4,473.7,1853
2011,Q1,15285.8,10485.4,3469,1087.9,2381.1,7016.3,2206,2173.9,1805.1,362.2,839.8,603.1,368.8,32.1,-561.5,2030.3,1411.7,618.5,2591.7,2168.2,423.6,3156,1304.7,831.6,473.2,1851.2
,Q2,15496.2,10612.1,3514.5,1082.9,2431.6,7097.7,2297.4,2236.3,1862,392.7,854.3,615.1,374.3,61,-581.9,2105.1,1463.2,641.8,2686.9,2243.1,443.8,3168.6,1311.8,843,468.8,1856.7
,Q3,15591.9,10705.4,3527.8,1090.8,2437,7177.6,2322.8,2334.9,1953.8,421.2,904.5,628.1,381.1,-12,-573.9,2138.8,1482.4,656.3,2712.6,2260.7,452,3137.5,1288,835,453,1849.5
,Q4,15796.5,10761.6,3561.2,1112.4,2448.8,7200.4,2504.1,2400.1,2009,441.8,926.5,640.7,391.2,104,-600.7,2137.8,1491.6,646.2,2738.5,2290.2,448.3,3131.4,1291.2,826.3,464.8,1840.3
2012,Q1,16019.8,10922.4,3628.7,1138.1,2490.6,7293.7,2567.8,2487.5,2073.4,470.1,957.8,645.4,414.1,80.3,-615.1,2164.6,1507.4,657.2,2779.7,2326.4,453.3,3144.7,1295.6,824.1,471.5,1849
,Q2,16152.3,10964.9,3616.4,1133.6,2482.8,7348.5,2636.9,2545.5,2126.2,488.1,984.4,653.7,419.3,91.4,-580.5,2192.1,1524.9,667.2,2772.6,2314.2,458.4,3131,1288.2,816,472.1,1842.9
,Q3,16257.2,11014.2,3631.8,1141.7,2490.1,7382.4,2644.1,2559.7,2126,484.7,984.3,657,433.7,84.4,-540.8,2201.8,1533.3,668.5,2742.6,2282.3,460.3,3139.6,1293.3,820.2,473.1,1846.3
,Q4,16358.9,11125.7,3674.1,1163.6,2510.5,7451.7,2638.3,2609.5,2148.6,474.9,1007.1,666.6,460.9,28.7,-537.8,2206.6,1520.8,685.9,2744.5,2282.7,461.8,3132.7,1269.1,796.4,472.7,1863.7
2013,Q1,16569.6,11223.2,3731.6,1188.8,2542.8,7491.6,2738.2,2656,2170.9,463,1022.8,685.1,485.1,82.3,-516.9,2239.2,1534.9,704.3,2756,2294.5,461.5,3125,1240,775.3,464.7,1885
,Q2,16637.9,11239.6,3699.3,1185.5,2513.9,7540.3,2775.3,2687.5,2180.3,480,1018,682.3,507.2,87.8,-508.9,2250.7,1542.2,708.5,2759.6,2293.8,465.8,3132,1232.3,770.9,461.4,1899.6
,Q3,16848.7,11330.9,3730.4,1188.9,2541.4,7600.6,2880,2743.8,2220.7,507.5,1016.5,696.7,523.1,136.2,-496.3,2269.4,1552.6,716.8,2765.7,2296.8,468.9,3134.1,1218.4,757,461.4,1915.7
,Q4,17083.1,11475.1,3758.6,1194.5,2564.1,7716.5,2910.5,2798.7,2274,519.5,1050.9,703.6,524.6,111.9,-441.1,2334.4,1607.1,727.3,2775.5,2300.4,475.1,3138.5,1215.6,753.6,461.9,1923
2014,Q1,17102.9,11573.9,3788.1,1202.6,2585.5,7785.8,2901.6,2845.5,2314.5,546.7,1057.5,710.3,531,56.1,-511.7,2338.3,1593.8,744.4,2850,2372,478,3139.1,1213.2,746.7,466.5,1925.9
,Q2,17425.8,11756,3860.9,1239.6,2621.2,7895.2,3028.8,2926.7,2376.2,574.1,1082.7,719.3,550.5,102.1,-510,2386.1,1627.8,758.3,2896,2408.5,487.5,3150.9,1207.2,740,467.2,1943.8
,Q3,17719.8,11920.7,3896.3,1256.4,2639.9,8024.5,3099,3002.9,2434,585.2,1119.4,729.4,568.9,96.1,-489.8,2388.4,1630.7,757.6,2878.2,2388.8,489.4,3189.9,1226.8,752.5,474.2,1963.2
,Q4,17838.5,12045.5,3900.8,1270.8,2630,8144.7,3126.3,3042.7,2452.6,602.3,1103.6,746.7,590.1,83.7,-521.5,2371.4,1607.2,764.2,2892.9,2396.5,496.4,3188.2,1209.5,730.9,478.7,1978.6
2015,Q1,17970.4,12095.6,3859.1,1281.4,2577.7,8236.4,3216.8,3052.1,2447.5,589,1114.9,743.6,604.6,164.7,-530.4,2286.6,1515.3,771.3,2817,2324.3,492.7,3188.5,1214.5,729.5,485,1974
,Q2,18221.3,12256.7,3922.7,1308.3,2614.4,8334,3225.9,3081.7,2458,589.9,1114.6,753.4,623.7,144.3,-499,2303.2,1531.6,771.6,2802.2,2306.6,495.6,3237.6,1221,732.7,488.3,2016.6
,Q3,18331.1,12380.7,3956.8,1317.2,2639.5,8424,3229.6,3109.3,2463,570.9,1130.2,762,646.3,120.3,-536.2,2259.2,1489.7,769.5,2795.4,2292.1,503.3,3257,1221.4,726.5,495,2035.5
,Q4,18354.4,12445.1,3940.1,1319.3,2620.8,8505,3175.5,3089.9,2430.3,539,1113.7,777.6,659.6,85.6,-520.1,2211.2,1440.9,770.3,2731.3,2226.4,505,3253.8,1226.6,729.6,497,2027.2
2016,Q1,18409.1,12526.5,3932.2,1323.7,2608.5,8594.3,3142.1,3094.1,2409.8,531.2,1092.8,785.8,684.2,48,-522.2,2165.6,1402.3,763.3,2687.8,2177.7,510.2,3262.7,1223.5,724.8,498.7,2039.2
,Q2,18640.7,12706.5,3990.3,1336.3,2654,8716.2,3152.2,3127.1,2435.6,539.7,1091.4,804.5,691.5,25.1,-496.2,2206.6,1434.1,772.5,2702.7,2191.7,511,3278.2,1225.4,722.4,502.9,2052.9
,Q3,18799.6,12845.2,4013.9,1357.7,2656.3,8831.2,3157.7,3157.2,2458.4,555.1,1090.2,813.2,698.8,0.5,-503.7,2252.5,1469.4,783.2,2756.3,2236.1,520.2,3300.5,1235.9,730.6,505.3,2064.7
,Q4,18979.2,12989.4,4048.8,1368.7,2680.1,8940.6,3227.6,3185.4,2464.7,556.7,1089.3,818.7,720.8,42.1,-560.2,2245.6,1464.9,780.7,2805.8,2278.4,527.3,3322.4,1244.1,731.5,512.7,2078.3
2017,Q1,19162.6,13114.1,4090.4,1375.6,2714.8,9023.7,3278.6,3270.6,2525.2,577.5,1112.3,835.4,745.5,8,-576.6,2294.1,1497.3,796.9,2870.7,2336.1,534.6,3346.4,1252.4,734.9,517.5,2093.9
,Q2,19359.1,13233.2,4117.1,1393.4,2723.7,9116.1,3337.9,3320.8,2576.7,588.3,1137.4,850.9,744.1,17.1,-571.9,2316.3,1510.8,805.4,2888.2,2344.6,543.6,3360,1264,746.7,517.3,2096
,Q3,19588.1,13359.1,4166,1411.2,2754.8,9193.1,3413.9,3358.5,2607,585.3,1162.8,858.9,751.5,55.4,-557.3,2358.3,1536.7,821.6,2915.5,2358.9,556.7,3372.3,1263.8,743.1,520.7,2108.5
,Q4,19831.8,13579.2,4250.9,1445.7,2805.2,9328.3,3441.4,3420,2642.6,590.6,1189.1,862.9,777.4,21.5,-607.9,2432,1598.8,833.2,3039.9,2474.6,565.3,3419.1,1280.6,750.7,529.8,2138.5
2018,Q1,20041,13679.6,4267.7,1434.5,2833.2,9411.9,3543.8,3507.4,2720.3,614.9,1212.6,892.7,787.2,36.3,-639.2,2477.4,1628.1,849.3,3116.6,2537.1,579.4,3456.8,1294.8,759,535.8,2162
,Q2,20411.9,13875.6,4329.5,1458.7,2870.8,9546.1,3579.5,3589.9,2791.4,644.1,1228.8,918.6,798.5,-10.4,-549.8,2568.7,1706.4,862.4,3118.5,2536.5,582,3506.6,1313,772.6,540.4,2193.5
